timestamp,step,experiment,model,params,split,metric,value,sd,ci_low,ci_high,n,n_patients,note
2026-09-29T22:50:25Z,1,transition:LABEL_FLIPPED_NEXT,xgboost,"{'max_depth': 3, 'n_estimators': 250, 'learning_rate': 0.04, 'subsample': 0.8, 'colsample_bytree': 0.8, 'min_child_weight': 4, 'random_state': 42, 'n_jobs': -1, 'tree_method': 'hist', 'objective': 'binary:logistic', 'eval_metric': 'logloss'}",dev+test CV (oof upstream),roc_auc,0.5350,,,,4818,438,upstream PROB_*/set size now out-of-fold
2026-09-29T22:50:25Z,1,transition:LABEL_FLIPPED_NEXT,xgboost,"{'max_depth': 3, 'n_estimators': 250, 'learning_rate': 0.04, 'subsample': 0.8, 'colsample_bytree': 0.8, 'min_child_weight': 4, 'random_state': 42, 'n_jobs': -1, 'tree_method': 'hist', 'objective': 'binary:logistic', 'eval_metric': 'logloss'}",dev+test CV (oof upstream),pr_auc,0.2941,,,,4818,438,upstream PROB_*/set size now out-of-fold
2026-09-29T22:50:25Z,1,transition:LABEL_FLIPPED_NEXT,xgboost,"{'max_depth': 3, 'n_estimators': 250, 'learning_rate': 0.04, 'subsample': 0.8, 'colsample_bytree': 0.8, 'min_child_weight': 4, 'random_state': 42, 'n_jobs': -1, 'tree_method': 'hist', 'objective': 'binary:logistic', 'eval_metric': 'logloss'}",dev+test CV (oof upstream),bal_acc,0.5184,,,,4818,438,upstream PROB_*/set size now out-of-fold
2026-09-29T22:50:25Z,1,transition:LABEL_FLIPPED_NEXT,xgboost,"{'max_depth': 3, 'n_estimators': 250, 'learning_rate': 0.04, 'subsample': 0.8, 'colsample_bytree': 0.8, 'min_child_weight': 4, 'random_state': 42, 'n_jobs': -1, 'tree_method': 'hist', 'objective': 'binary:logistic', 'eval_metric': 'logloss'}",dev+test CV (oof upstream),brier_unweighted,0.2084,,,,4818,438,upstream PROB_*/set size now out-of-fold
2026-09-29T22:50:25Z,1,transition:LABEL_FLIPPED_NEXT,xgboost,"{'max_depth': 3, 'n_estimators': 250, 'learning_rate': 0.04, 'subsample': 0.8, 'colsample_bytree': 0.8, 'min_child_weight': 4, 'random_state': 42, 'n_jobs': -1, 'tree_method': 'hist', 'objective': 'binary:logistic', 'eval_metric': 'logloss'}",dev+test CV (oof upstream),brier_base_rate,0.2047,,,,4818,438,upstream PROB_*/set size now out-of-fold
2026-09-29T22:50:27Z,1,transition:FLIP_WITHIN_12M,xgboost,"{'max_depth': 3, 'n_estimators': 250, 'learning_rate': 0.04, 'subsample': 0.8, 'colsample_bytree': 0.8, 'min_child_weight': 4, 'random_state': 42, 'n_jobs': -1, 'tree_method': 'hist', 'objective': 'binary:logistic', 'eval_metric': 'logloss'}",dev+test CV (oof upstream),roc_auc,0.5630,,,,5006,438,upstream PROB_*/set size now out-of-fold
2026-09-29T22:50:27Z,1,transition:FLIP_WITHIN_12M,xgboost,"{'max_depth': 3, 'n_estimators': 250, 'learning_rate': 0.04, 'subsample': 0.8, 'colsample_bytree': 0.8, 'min_child_weight': 4, 'random_state': 42, 'n_jobs': -1, 'tree_method': 'hist', 'objective': 'binary:logistic', 'eval_metric': 'logloss'}",dev+test CV (oof upstream),pr_auc,0.4570,,,,5006,438,upstream PROB_*/set size now out-of-fold
2026-09-29T22:50:27Z,1,transition:FLIP_WITHIN_12M,xgboost,"{'max_depth': 3, 'n_estimators': 250, 'learning_rate': 0.04, 'subsample': 0.8, 'colsample_bytree': 0.8, 'min_child_weight': 4, 'random_state': 42, 'n_jobs': -1, 'tree_method': 'hist', 'objective': 'binary:logistic', 'eval_metric': 'logloss'}",dev+test CV (oof upstream),bal_acc,0.5467,,,,5006,438,upstream PROB_*/set size now out-of-fold
2026-09-29T22:50:27Z,1,transition:FLIP_WITHIN_12M,xgboost,"{'max_depth': 3, 'n_estimators': 250, 'learning_rate': 0.04, 'subsample': 0.8, 'colsample_bytree': 0.8, 'min_child_weight': 4, 'random_state': 42, 'n_jobs': -1, 'tree_method': 'hist', 'objective': 'binary:logistic', 'eval_metric': 'logloss'}",dev+test CV (oof upstream),brier_unweighted,0.2449,,,,5006,438,upstream PROB_*/set size now out-of-fold
2026-09-29T22:50:27Z,1,transition:FLIP_WITHIN_12M,xgboost,"{'max_depth': 3, 'n_estimators': 250, 'learning_rate': 0.04, 'subsample': 0.8, 'colsample_bytree': 0.8, 'min_child_weight': 4, 'random_state': 42, 'n_jobs': -1, 'tree_method': 'hist', 'objective': 'binary:logistic', 'eval_metric': 'logloss'}",dev+test CV (oof upstream),brier_base_rate,0.2433,,,,5006,438,upstream PROB_*/set size now out-of-fold
